"State","Year","mortality"
"AK","1999",234.627102803738
"AK","2000",174.68785046729
"AK","2001",174.476635514019
"AK","2002",128.252336448598
"AK","2003",201.090654205607
"AK","2004",152.547663551402
"AK","2005",195.74953271028
"AK","2006",162.895327102804
"AK","2007",145.809345794393
"AK","2008",150.909345794393
"AK","2009",140.765420560748
"AK","2010",132.342056074766
"AK","2011",126.63738317757
"AK","2012",142.635514018692
"AK","2013",135.776635514019
"AK","2014",111.132710280374
"AK","2015",114.046728971963
"AK","2016",122.275700934579
"AK","2017",120.193457943925
"AK","2018",130.38785046729
"AK","2019",112.960747663551
"AL","1999",235.937182448037
"AL","2000",237.021478060046
"AL","2001",229.725173210162
"AL","2002",234.872517321016
"AL","2003",227.309699769053
"AL","2004",217.699769053118
"AL","2005",209.743418013857
"AL","2006",195.437413394919
"AL","2007",194.331870669746
"AL","2008",190.708545034642
"AL","2009",175.839722863741
"AL","2010",172.865357967667
"AL","2011",163.496766743649
"AL","2012",160.385219399538
"AL","2013",158.176674364896
"AL","2014",158.995612009238
"AL","2015",168.04064665127
"AL","2016",164.373903002309
"AL","2017",165.054041570439
"AL","2018",166.936258660508
"AL","2019",165.558429561201
"AR","1999",265.364891041162
"AR","2000",265.321549636804
"AR","2001",259.051331719128
"AR","2002",256.745762711864
"AR","2003",242.418159806295
"AR","2004",224.43583535109
"AR","2005",218.15181598063
"AR","2006",205.671670702179
"AR","2007",203.913075060533
"AR","2008",193.510895883777
"AR","2009",179.498547215496
"AR","2010",180.59588377724
"AR","2011",177.013801452784
"AR","2012",168.513559322034
"AR","2013",165.522033898305
"AR","2014",162.974334140436
"AR","2015",157.86392251816
"AR","2016",156.230992736077
"AR","2017",154.343341404358
"AR","2018",147.658353510896
"AR","2019",143.835351089588
"AZ","1999",189.785507246377
"AZ","2000",187.663043478261
"AZ","2001",182.891304347826
"AZ","2002",174.476811594203
"AZ","2003",168.758695652174
"AZ","2004",158.765217391304
"AZ","2005",148.751449275362
"AZ","2006",136.847101449275
"AZ","2007",136.10652173913
"AZ","2008",128.538405797101
"AZ","2009",119.786231884058
"AZ","2010",119.46231884058
"AZ","2011",114.494927536232
"AZ","2012",108.16231884058
"AZ","2013",107.348550724638
"AZ","2014",106.998550724638
"AZ","2015",108.810144927536
"AZ","2016",110.525362318841
"AZ","2017",112.630434782609
"AZ","2018",109.528985507246
"AZ","2019",108.641304347826
"CA","1999",220.896998123827
"CA","2000",217.706566604128
"CA","2001",216.06660412758
"CA","2002",205.74765478424
"CA","2003",200.870919324578
"CA","2004",189.347091932458
"CA","2005",174.27373358349
"CA","2006",162.957786116323
"CA","2007",157.184990619137
"CA","2008",148.311257035647
"CA","2009",134.803564727955
"CA","2010",136.967542213884
"CA","2011",131.65478424015
"CA","2012",125.997936210131
"CA","2013",125.160037523452
"CA","2014",122.28574108818
"CA","2015",128.344090056285
"CA","2016",128.961350844278
"CA","2017",131.751594746717
"CA","2018",128.603001876173
"CA","2019",130.572607879925
"CO","1999",172.427011494253
"CO","2000",172.866091954023
"CO","2001",170.931896551724
"CO","2002",168.887931034483
"CO","2003",161.439367816092
"CO","2004",144.61724137931
"CO","2005",137.997464788732
"CO","2006",128.288450704225
"CO","2007",127.476901408451
"CO","2008",122.246197183099
"CO","2009",115.796056338028
"CO","2010",113.901126760563
"CO","2011",109.321971830986
"CO","2012",103.86676056338
"CO","2013",102.134929577465
"CO","2014",106.382535211268
"CO","2015",106.660281690141
"CO","2016",107.059718309859
"CO","2017",110.966197183099
"CO","2018",104.683661971831
"CO","2019",102.389577464789
"CT","1999",159.167532467532
"CT","2000",160.963636363636
"CT","2001",155.932467532468
"CT","2002",147.063636363636
"CT","2003",142.911688311688
"CT","2004",130.697402597403
"CT","2005",119.328571428571
"CT","2006",114.675324675325
"CT","2007",108.344155844156
"CT","2008",105.209090909091
"CT","2009",98.4181818181818
"CT","2010",95.2675324675325
"CT","2011",93.4233766233766
"CT","2012",90.1181818181818
"CT","2013",89.8948051948052
"CT","2014",88.0090909090909
"CT","2015",90.474025974026
"CT","2016",86.0961038961039
"CT","2017",87.074025974026
"CT","2018",86.7935064935065
"CT","2019",86.7233766233766
"DC","1999",136.872727272727
"DC","2000",126.7
"DC","2001",128.372727272727
"DC","2002",125.881818181818
"DC","2003",121.318181818182
"DC","2004",113.181818181818
"DC","2005",107.409090909091
"DC","2006",102.790909090909
"DC","2007",101.527272727273
"DC","2008",98.5272727272727
"DC","2009",93.4181818181818
"DC","2010",91.9181818181818
"DC","2011",92.8636363636364
"DC","2012",90.1727272727273
"DC","2013",87.2272727272727
"DC","2014",91.7363636363636
"DC","2015",99.4
"DC","2016",102.627272727273
"DC","2017",99.9454545454546
"DC","2018",101.163636363636
"DC","2019",104.372727272727
"DE","1999",174.416666666667
"DE","2000",185.35
"DE","2001",181.416666666667
"DE","2002",177.13
"DE","2003",165.553333333333
"DE","2004",149.923333333333
"DE","2005",145.54
"DE","2006",138.983333333333
"DE","2007",137.046666666667
"DE","2008",132.413333333333
"DE","2009",132.23
"DE","2010",131.466666666667
"DE","2011",130.566666666667
"DE","2012",126.153333333333
"DE","2013",118.206666666667
"DE","2014",128.296666666667
"DE","2015",140.496666666667
"DE","2016",141.936666666667
"DE","2017",149.63
"DE","2018",151.386666666667
"DE","2019",151.923333333333
"FL","1999",198.675176056338
"FL","2000",195.945070422535
"FL","2001",192.451232394366
"FL","2002",185.433098591549
"FL","2003",178.173063380282
"FL","2004",166.827464788732
"FL","2005",158.353169014085
"FL","2006",147.933098591549
"FL","2007",141.317957746479
"FL","2008",135.1875
"FL","2009",125.32588028169
"FL","2010",125.496126760563
"FL","2011",117.089788732394
"FL","2012",112.750176056338
"FL","2013",110.805809859155
"FL","2014",115.953169014085
"FL","2015",125.033098591549
"FL","2016",125.456690140845
"FL","2017",129.902464788732
"FL","2018",133.714964788732
"FL","2019",137.545598591549
"GA","1999",251.705120481928
"GA","2000",256.010742971888
"GA","2001",244.288554216867
"GA","2002",238.991064257028
"GA","2003",231.125803212851
"GA","2004",215.404016064257
"GA","2005",199.401204819277
"GA","2006",186.137550200803
"GA","2007",182.944678714859
"GA","2008",176.126104417671
"GA","2009",163.686546184739
"GA","2010",158.644578313253
"GA","2011",149.023092369478
"GA","2012",143.771485943775
"GA","2013",142.191666666667
"GA","2014",146.79718875502
"GA","2015",151.636144578313
"GA","2016",145.865662650602
"GA","2017",145.189357429719
"GA","2018",146.510542168675
"GA","2019",139.666265060241
"HI","1999",218.989189189189
"HI","2000",217.743243243243
"HI","2001",215.467567567568
"HI","2002",231.3
"HI","2003",221.881081081081
"HI","2004",220.702702702703
"HI","2005",159.043243243243
"HI","2006",153.310810810811
"HI","2007",156.586486486486
"HI","2008",135.402702702703
"HI","2009",156.286486486486
"HI","2010",117.189189189189
"HI","2011",125.264864864865
"HI","2012",132.808108108108
"HI","2013",126.845945945946
"HI","2014",127.521621621622
"HI","2015",147.151351351351
"HI","2016",124.589189189189
"HI","2017",121.983783783784
"HI","2018",150.313513513513
"HI","2019",158.005405405405
"IA","1999",224.123873873874
"IA","2000",213.736261261261
"IA","2001",209.484684684685
"IA","2002",207.425
"IA","2003",194.540540540541
"IA","2004",183.422747747748
"IA","2005",170.384684684685
"IA","2006",159.206081081081
"IA","2007",151.961711711712
"IA","2008",151.214414414414
"IA","2009",138.415315315315
"IA","2010",135.314189189189
"IA","2011",128.867567567568
"IA","2012",122.30518018018
"IA","2013",120.816216216216
"IA","2014",119.988738738739
"IA","2015",118.901126126126
"IA","2016",115.509459459459
"IA","2017",116.336261261261
"IA","2018",115.161486486486
"IA","2019",113.668918918919
"ID","1999",210.24028436019
"ID","2000",205.758293838863
"ID","2001",202.696208530806
"ID","2002",197.967298578199
"ID","2003",193.195260663507
"ID","2004",175.010900473934
"ID","2005",168.541232227488
"ID","2006",154.842180094787
"ID","2007",147.191469194313
"ID","2008",143.536492890995
"ID","2009",134.795260663507
"ID","2010",133.036492890995
"ID","2011",126.29336492891
"ID","2012",119.304739336493
"ID","2013",118.211848341232
"ID","2014",118.120379146919
"ID","2015",117.90663507109
"ID","2016",116.639336492891
"ID","2017",117.127962085308
"ID","2018",113.169668246445
"ID","2019",109.044075829384
"IL","1999",229.080217785844
"IL","2000",217.497096188748
"IL","2001",212.135753176044
"IL","2002",207.147368421053
"IL","2003",197.052994555354
"IL","2004",186.187658802178
"IL","2005",178.113974591652
"IL","2006",167.749001814882
"IL","2007",161.186569872958
"IL","2008",158.949909255898
"IL","2009",144.876406533575
"IL","2010",144.994010889292
"IL","2011",141.811615245009
"IL","2012",135.291288566243
"IL","2013",133.55335753176
"IL","2014",133.385843920145
"IL","2015",132.669328493648
"IL","2016",131.634845735027
"IL","2017",131.733756805808
"IL","2018",128.013793103448
"IL","2019",131.201996370236
"IN","1999",241.95875
"IN","2000",240.63125
"IN","2001",226.013125
"IN","2002",221.647291666667
"IN","2003",208.080833333333
"IN","2004",194.1725
"IN","2005",181.617708333333
"IN","2006",170.715416666667
"IN","2007",164.737916666667
"IN","2008",163.356458333333
"IN","2009",151.687083333333
"IN","2010",153.527291666667
"IN","2011",150.522708333333
"IN","2012",146.545
"IN","2013",140.39375
"IN","2014",139.105208333333
"IN","2015",135.416458333333
"IN","2016",136.533541666667
"IN","2017",135.166875
"IN","2018",132.128333333333
"IN","2019",136.01125
"KS","1999",203.951746724891
"KS","2000",204.96288209607
"KS","2001",201.050655021834
"KS","2002",202.928165938865
"KS","2003",190.963318777293
"KS","2004",175.686244541485
"KS","2005",168.662663755459
"KS","2006",160.562663755459
"KS","2007",158.46943231441
"KS","2008",158.432969432314
"KS","2009",145.919868995633
"KS","2010",142.398471615721
"KS","2011",136.411572052402
"KS","2012",134.752401746725
"KS","2013",131.75327510917
"KS","2014",133.334934497817
"KS","2015",129.17423580786
"KS","2016",125.284716157205
"KS","2017",126.096288209607
"KS","2018",119.602620087336
"KS","2019",116.444323144105
"KY","1999",246.21985428051
"KY","2000",238.584335154827
"KY","2001",228.262841530055
"KY","2002",228.071402550091
"KY","2003",217.261930783242
"KY","2004",201.359744990893
"KY","2005",194.089253187614
"KY","2006",182.607468123862
"KY","2007",179.780692167577
"KY","2008",177.044626593807
"KY","2009",166.088524590164
"KY","2010",162.250637522769
"KY","2011",158.833333333333
"KY","2012",158.396174863388
"KY","2013",154.106010928962
"KY","2014",152.952459016393
"KY","2015",150.874499089253
"KY","2016",148.642258652095
"KY","2017",146.516393442623
"KY","2018",147.651730418944
"KY","2019",147.126775956284
"LA","1999",228.518881118881
"LA","2000",223.222144522145
"LA","2001",223.473426573427
"LA","2002",222.279254079254
"LA","2003",212.336596736597
"LA","2004",200.524242424242
"LA","2005",192.575757575758
"LA","2006",182.474125874126
"LA","2007",176.3337995338
"LA","2008",168.247086247086
"LA","2009",157.378321678322
"LA","2010",155.579953379953
"LA","2011",153.449417249417
"LA","2012",149.626806526807
"LA","2013",151.118648018648
"LA","2014",152.683216783217
"LA","2015",154.649184149184
"LA","2016",154.361305361305
"LA","2017",156.045920745921
"LA","2018",157.245454545455
"LA","2019",152.732400932401
"MA","1999",167.8792
"MA","2000",171.6544
"MA","2001",165.3616
"MA","2002",163.312
"MA","2003",157.096
"MA","2004",147.9984
"MA","2005",134.2248
"MA","2006",128.16
"MA","2007",122.3752
"MA","2008",116.5968
"MA","2009",108.004
"MA","2010",106.1112
"MA","2011",102.476
"MA","2012",97.4704
"MA","2013",95.4424
"MA","2014",96.608
"MA","2015",96.6568
"MA","2016",95.0472
"MA","2017",94.5296
"MA","2018",95.4424
"MA","2019",95.3608
"MD","1999",197.431
"MD","2000",201.4965
"MD","2001",193.939
"MD","2002",186.6715
"MD","2003",178.5135
"MD","2004",166.106
"MD","2005",154.8905
"MD","2006",143.2815
"MD","2007",140.19
"MD","2008",134.1395
"MD","2009",131.5525
"MD","2010",127.5925
"MD","2011",125.293
"MD","2012",121.5735
"MD","2013",116.001
"MD","2014",122.603
"MD","2015",129.7745
"MD","2016",130.2
"MD","2017",133.296
"MD","2018",134.253
"MD","2019",136.706
"ME","1999",201.070886075949
"ME","2000",190.878481012658
"ME","2001",183.675949367089
"ME","2002",181.825316455696
"ME","2003",178.316455696203
"ME","2004",176.396202531646
"ME","2005",149.716455696203
"ME","2006",140.208860759494
"ME","2007",139.059493670886
"ME","2008",136.232911392405
"ME","2009",128.192405063291
"ME","2010",123.048101265823
"ME","2011",119.956962025316
"ME","2012",113.793670886076
"ME","2013",113.043037974684
"ME","2014",111.762025316456
"ME","2015",111.756962025316
"ME","2016",116.255696202532
"ME","2017",121.439240506329
"ME","2018",115.307594936709
"ME","2019",105.348101265823
"MI","1999",214.310147991543
"MI","2000",211.561945031712
"MI","2001",202.624735729387
"MI","2002",201.278012684989
"MI","2003",189.324312896406
"MI","2004",181.072727272727
"MI","2005",169.62156448203
"MI","2006",153.66934460888
"MI","2007",152.331078224101
"MI","2008",151.826849894292
"MI","2009",138.705919661734
"MI","2010",136.256025369979
"MI","2011",132.967653276956
"MI","2012",127.109302325581
"MI","2013",127.106553911205
"MI","2014",126.175052854123
"MI","2015",125.464482029598
"MI","2016",127.968710359408
"MI","2017",133.783932346723
"MI","2018",136.388794926004
"MI","2019",133.945243128964
"MN","1999",204.710550458716
"MN","2000",190.459403669725
"MN","2001",187.724541284404
"MN","2002",180.255504587156
"MN","2003",169.1
"MN","2004",163.257110091743
"MN","2005",151.046100917431
"MN","2006",140.10504587156
"MN","2007",135.721788990826
"MN","2008",133.734174311927
"MN","2009",125.657798165138
"MN","2010",127.658944954128
"MN","2011",123.460321100917
"MN","2012",117.59495412844
"MN","2013",113.647247706422
"MN","2014",117.051146788991
"MN","2015",117.966743119266
"MN","2016",113.589908256881
"MN","2017",112.729587155963
"MN","2018",110.46123853211
"MN","2019",110.029816513761
"MO","1999",227.117870036101
"MO","2000",221.118050541516
"MO","2001",215.88916967509
"MO","2002",214.679783393502
"MO","2003",204.251805054152
"MO","2004",193.794584837545
"MO","2005",184.655415162455
"MO","2006",174.816245487365
"MO","2007",171.57274368231
"MO","2008",171.693501805054
"MO","2009",156.686462093863
"MO","2010",153.566064981949
"MO","2011",149.721299638989
"MO","2012",144.903249097473
"MO","2013",142.443682310469
"MO","2014",144.089711191336
"MO","2015",140.736642599278
"MO","2016",137.952527075812
"MO","2017",136.954151624549
"MO","2018",129.504151624549
"MO","2019",127.456137184116
"MS","1999",245.870528455285
"MS","2000",253.441056910569
"MS","2001",247.536178861789
"MS","2002",249.899390243902
"MS","2003",228.993699186992
"MS","2004",214.859349593496
"MS","2005",208.05081300813
"MS","2006",195.428048780488
"MS","2007",191.976422764228
"MS","2008",186.219105691057
"MS","2009",171.567682926829
"MS","2010",173.589430894309
"MS","2011",170.036991869919
"MS","2012",162.169715447154
"MS","2013",163.411382113821
"MS","2014",165.422967479675
"MS","2015",172.159959349593
"MS","2016",170.523983739837
"MS","2017",169.142276422764
"MS","2018",170.701219512195
"MS","2019",171.662601626016
"MT","1999",199.904672897196
"MT","2000",195.386448598131
"MT","2001",193.132710280374
"MT","2002",190.681775700935
"MT","2003",176.808411214953
"MT","2004",158.823364485981
"MT","2005",156.384112149533
"MT","2006",140.421495327103
"MT","2007",134.092523364486
"MT","2008",131.778037383178
"MT","2009",125.241588785047
"MT","2010",129.761214953271
"MT","2011",123.478971962617
"MT","2012",116.696728971963
"MT","2013",118.398598130841
"MT","2014",118.254672897196
"MT","2015",115.085046728972
"MT","2016",110.556542056075
"MT","2017",110.44953271028
"MT","2018",103.816822429907
"MT","2019",100.068691588785
"NC","1999",258.850142450142
"NC","2000",258.387179487179
"NC","2001",242.819800569801
"NC","2002",235.680769230769
"NC","2003",229.650427350427
"NC","2004",212.449857549858
"NC","2005",198.484757834758
"NC","2006",179.161823361823
"NC","2007",174.068660968661
"NC","2008",168.372934472934
"NC","2009",158.12037037037
"NC","2010",149.886467236467
"NC","2011",146.883618233618
"NC","2012",142.391310541311
"NC","2013",140.621367521368
"NC","2014",140.926923076923
"NC","2015",147.230056980057
"NC","2016",142.582478632479
"NC","2017",139.484757834758
"NC","2018",137.468660968661
"NC","2019",137.819088319088
"ND","1999",199.490731707317
"ND","2000",189.427317073171
"ND","2001",189.92243902439
"ND","2002",183.202926829268
"ND","2003",175.728780487805
"ND","2004",166.593658536585
"ND","2005",151.993658536585
"ND","2006",140.46243902439
"ND","2007",135.023902439024
"ND","2008",131.311707317073
"ND","2009",126.376585365854
"ND","2010",134.549756097561
"ND","2011",127.583902439024
"ND","2012",121.601463414634
"ND","2013",118.354146341463
"ND","2014",119.369268292683
"ND","2015",116.874146341463
"ND","2016",112.072682926829
"ND","2017",113.031707317073
"ND","2018",107.926341463415
"ND","2019",105.628292682927
"NE","1999",205.40549132948
"NE","2000",203.592485549133
"NE","2001",202.755780346821
"NE","2002",203.212427745665
"NE","2003",194.107225433526
"NE","2004",178.571676300578
"NE","2005",172.671965317919
"NE","2006",162.863583815029
"NE","2007",158.126300578035
"NE","2008",151.243063583815
"NE","2009",142.064161849711
"NE","2010",139.259248554913
"NE","2011",132.602312138728
"NE","2012",128.218497109827
"NE","2013",123.38063583815
"NE","2014",124.199132947977
"NE","2015",121.578612716763
"NE","2016",118.221676300578
"NE","2017",116.385549132948
"NE","2018",111.421676300578
"NE","2019",109.535549132948
"NH","1999",187.28813559322
"NH","2000",184.064406779661
"NH","2001",175.037288135593
"NH","2002",168.837288135593
"NH","2003",150.905084745763
"NH","2004",143.530508474576
"NH","2005",125.557627118644
"NH","2006",119.186440677966
"NH","2007",115.152542372881
"NH","2008",112.520338983051
"NH","2009",106.774576271186
"NH","2010",107.210169491525
"NH","2011",102.683050847458
"NH","2012",98.2152542372881
"NH","2013",94.6406779661017
"NH","2014",93.0406779661017
"NH","2015",93.5033898305085
"NH","2016",93.8203389830508
"NH","2017",93.9610169491525
"NH","2018",93.5796610169491
"NH","2019",91.4525423728814
"NJ","1999",165.33631840796
"NJ","2000",171.031343283582
"NJ","2001",162.841293532338
"NJ","2002",158.177611940299
"NJ","2003",155.277114427861
"NJ","2004",144.54776119403
"NJ","2005",138.560199004975
"NJ","2006",130.411940298507
"NJ","2007",126.291542288557
"NJ","2008",118.390049751244
"NJ","2009",113.78407960199
"NJ","2010",116.926368159204
"NJ","2011",117.242786069652
"NJ","2012",113.85223880597
"NJ","2013",112.9592039801
"NJ","2014",111.53184079602
"NJ","2015",112.162686567164
"NJ","2016",109.824378109453
"NJ","2017",109.078109452736
"NJ","2018",107.8407960199
"NJ","2019",107.795024875622
"NM","1999",171.047887323944
"NM","2000",164.592957746479
"NM","2001",161.830516431925
"NM","2002",155.573708920188
"NM","2003",155.223943661972
"NM","2004",145.229107981221
"NM","2005",137.781220657277
"NM","2006",131.988732394366
"NM","2007",134.332394366197
"NM","2008",130.606572769953
"NM","2009",122.907511737089
"NM","2010",123.645539906103
"NM","2011",115.264319248826
"NM","2012",109.458215962441
"NM","2013",109.079812206573
"NM","2014",113.711737089202
"NM","2015",109.928638497653
"NM","2016",111.050704225352
"NM","2017",112.0220657277
"NM","2018",106.807042253521
"NM","2019",105.837558685446
"NV","1999",175.29175257732
"NV","2000",172.953608247423
"NV","2001",172.59587628866
"NV","2002",171.88969072165
"NV","2003",168.788659793814
"NV","2004",157.90412371134
"NV","2005",146.674226804124
"NV","2006",133.70412371134
"NV","2007",130.419587628866
"NV","2008",122.645360824742
"NV","2009",114.20824742268
"NV","2010",113.485567010309
"NV","2011",109.996907216495
"NV","2012",105.826804123711
"NV","2013",106.045360824742
"NV","2014",105.947422680412
"NV","2015",108.514432989691
"NV","2016",110.096907216495
"NV","2017",113.873195876289
"NV","2018",115.087628865979
"NV","2019",116.055670103093
"NY","1999",162.370044052863
"NY","2000",159.01718061674
"NY","2001",153.001982378855
"NY","2002",148.493171806167
"NY","2003",140.377973568282
"NY","2004",131.159911894273
"NY","2005",122.379735682819
"NY","2006",114.878414096916
"NY","2007",111.283259911894
"NY","2008",108.137665198238
"NY","2009",102.997577092511
"NY","2010",106.248017621145
"NY","2011",102.674889867841
"NY","2012",99.15
"NY","2013",98.5178414096916
"NY","2014",95.129295154185
"NY","2015",95.4099118942731
"NY","2016",92.3438325991189
"NY","2017",90.2909691629956
"NY","2018",90.2295154185022
"NY","2019",87.5235682819383
"OH","1999",208.940856031128
"OH","2000",204.918871595331
"OH","2001",196.666147859922
"OH","2002",198.851361867704
"OH","2003",192.079377431907
"OH","2004",178.534824902724
"OH","2005",167.58560311284
"OH","2006",154.187743190661
"OH","2007",152.068482490272
"OH","2008",150.51439688716
"OH","2009",140.366926070039
"OH","2010",141.48813229572
"OH","2011",137.750194552529
"OH","2012",135.128015564202
"OH","2013",130.80953307393
"OH","2014",130.532101167315
"OH","2015",132.985214007782
"OH","2016",132.467898832685
"OH","2017",134.985214007782
"OH","2018",134.150972762646
"OH","2019",134.047276264591
"OK","1999",205.23368869936
"OK","2000",205.07697228145
"OK","2001",199.46631130064
"OK","2002",199.280597014925
"OK","2003",198.567590618337
"OK","2004",187.826439232409
"OK","2005",179.332622601279
"OK","2006",167.83091684435
"OK","2007",168.887420042644
"OK","2008",158.042004264392
"OK","2009",145.875692963753
"OK","2010",146.006396588486
"OK","2011",139.295948827292
"OK","2012",135.371641791045
"OK","2013",132.86012793177
"OK","2014",130.777825159915
"OK","2015",130.579317697228
"OK","2016",123.864392324094
"OK","2017",124.678464818763
"OK","2018",119.226865671642
"OK","2019",115.088272921109
"OR","1999",217.847345132743
"OR","2000",206.503539823009
"OR","2001",202.661504424779
"OR","2002",198.810619469027
"OR","2003",190.562389380531
"OR","2004",174.523008849558
"OR","2005",165.029646017699
"OR","2006",147.408407079646
"OR","2007",139.895132743363
"OR","2008",137.77610619469
"OR","2009",129.469469026549
"OR","2010",125.234513274336
"OR","2011",121.580530973451
"OR","2012",113.088495575221
"OR","2013",113.246460176991
"OR","2014",113.480530973451
"OR","2015",114.776991150442
"OR","2016",117.221681415929
"OR","2017",121.414601769911
"OR","2018",120.717256637168
"OR","2019",122.016814159292
"PA","1999",192.2018735363
"PA","2000",195.215222482436
"PA","2001",187.429508196721
"PA","2002",184.28243559719
"PA","2003",178.167915690867
"PA","2004",167.830444964871
"PA","2005",161.014988290398
"PA","2006",150.391569086651
"PA","2007",147.912412177986
"PA","2008",142.843091334895
"PA","2009",137.340983606557
"PA","2010",137.005854800937
"PA","2011",133.167447306792
"PA","2012",126.388056206089
"PA","2013",123.984309133489
"PA","2014",123.025526932084
"PA","2015",126.504918032787
"PA","2016",121.080327868852
"PA","2017",118.560421545667
"PA","2018",116.119672131148
"PA","2019",115.042857142857
"RI","1999",131.647368421053
"RI","2000",127.889473684211
"RI","2001",125.536842105263
"RI","2002",123
"RI","2003",118.857894736842
"RI","2004",109.336842105263
"RI","2005",102.747368421053
"RI","2006",93.2657894736842
"RI","2007",90.5105263157895
"RI","2008",89.678947368421
"RI","2009",83.0157894736842
"RI","2010",79.4921052631579
"RI","2011",77.5657894736842
"RI","2012",76.4921052631579
"RI","2013",73.2236842105263
"RI","2014",71.0421052631579
"RI","2015",72.3631578947368
"RI","2016",72.4
"RI","2017",73.65
"RI","2018",73.8473684210526
"RI","2019",73.1894736842105
"SC","1999",281.609356725146
"SC","2000",277.059941520468
"SC","2001",262.80730994152
"SC","2002",255.371929824561
"SC","2003",246.497368421053
"SC","2004",222.983918128655
"SC","2005",208.617543859649
"SC","2006",191.237719298246
"SC","2007",190.425438596491
"SC","2008",184.645029239766
"SC","2009",174.973684210526
"SC","2010",165.873391812865
"SC","2011",159.580116959064
"SC","2012",156.746783625731
"SC","2013",158.942105263158
"SC","2014",159.122807017544
"SC","2015",163.704385964912
"SC","2016",158.336842105263
"SC","2017",156.150584795322
"SC","2018",156.900292397661
"SC","2019",149.611403508772
"SD","1999",193.434297520661
"SD","2000",189.304132231405
"SD","2001",183.415702479339
"SD","2002",180.040909090909
"SD","2003",171.014876033058
"SD","2004",165.593801652893
"SD","2005",160.90041322314
"SD","2006",146.846694214876
"SD","2007",142.032231404959
"SD","2008",140.835123966942
"SD","2009",136.135950413223
"SD","2010",140.535537190083
"SD","2011",134.463223140496
"SD","2012",127.031818181818
"SD","2013",125.005785123967
"SD","2014",127.806611570248
"SD","2015",124.722727272727
"SD","2016",119.296280991736
"SD","2017",119.611570247934
"SD","2018",111.814049586777
"SD","2019",110.345867768595
"TN","1999",253.86247582205
"TN","2000",260.473887814313
"TN","2001",248.045647969052
"TN","2002",241.163829787234
"TN","2003",232.352611218569
"TN","2004",216.741199226306
"TN","2005",207.501547388781
"TN","2006",191.966344294004
"TN","2007",188.985880077369
"TN","2008",180.83829787234
"TN","2009",166.847775628627
"TN","2010",163.438684719536
"TN","2011",159.259767891683
"TN","2012",152.855899419729
"TN","2013",150.758800773694
"TN","2014",148.192263056093
"TN","2015",154.80580270793
"TN","2016",152.763636363636
"TN","2017",147.580464216634
"TN","2018",145.286460348162
"TN","2019",140.482205029014
"TX","1999",216.138231292517
"TX","2000",212.060068027211
"TX","2001",210.061768707483
"TX","2002",206.818979591837
"TX","2003",200.86462585034
"TX","2004",184.694285714286
"TX","2005",172.547619047619
"TX","2006",167.125034013605
"TX","2007",169.320816326531
"TX","2008",164.084489795918
"TX","2009",150.805102040816
"TX","2010",149.212585034014
"TX","2011",142.884897959184
"TX","2012",141.189523809524
"TX","2013",137.305578231293
"TX","2014",140.139659863946
"TX","2015",140.761020408163
"TX","2016",137.520816326531
"TX","2017",135.510952380952
"TX","2018",132.005782312925
"TX","2019",127.609863945578
"UT","1999",187.568666666667
"UT","2000",191.184666666667
"UT","2001",186.299333333333
"UT","2002",182.891333333333
"UT","2003",177.188666666667
"UT","2004",162.158
"UT","2005",155.436666666667
"UT","2006",140.184
"UT","2007",138.908666666667
"UT","2008",134.564
"UT","2009",126.57
"UT","2010",127.160666666667
"UT","2011",123.840666666667
"UT","2012",120.991333333333
"UT","2013",120.733333333333
"UT","2014",121.688666666667
"UT","2015",120.336
"UT","2016",119.914
"UT","2017",118.151333333333
"UT","2018",114.414
"UT","2019",110.694
"VA","1999",242.523636363636
"VA","2000",245.276242424242
"VA","2001",235.559151515152
"VA","2002",227.748
"VA","2003",220.021212121212
"VA","2004",205.14896969697
"VA","2005",194.933333333333
"VA","2006",178.48
"VA","2007",171.720242424242
"VA","2008",165.798909090909
"VA","2009",158.456
"VA","2010",155.974060606061
"VA","2011",152.008606060606
"VA","2012",147.234787878788
"VA","2013",138.450666666667
"VA","2014",134.694303030303
"VA","2015",139.539636363636
"VA","2016",137.542181818182
"VA","2017",137.622060606061
"VA","2018",138.138666666667
"VA","2019",140.608848484848
"VT","1999",218.196610169492
"VT","2000",199.4
"VT","2001",194.461016949153
"VT","2002",191.471186440678
"VT","2003",177.974576271186
"VT","2004",167.938983050847
"VT","2005",148.949152542373
"VT","2006",138.342372881356
"VT","2007",134.462711864407
"VT","2008",133.064406779661
"VT","2009",125.486440677966
"VT","2010",129.345762711864
"VT","2011",122.025423728814
"VT","2012",120.271186440678
"VT","2013",117.294915254237
"VT","2014",114.562711864407
"VT","2015",117.689830508475
"VT","2016",112.420338983051
"VT","2017",110.818644067797
"VT","2018",112.452542372881
"VT","2019",109.254237288136
"WA","1999",230.2625
"WA","2000",225.358928571429
"WA","2001",222.6975
"WA","2002",215.565
"WA","2003",199.820714285714
"WA","2004",184.675
"WA","2005",167.841071428571
"WA","2006",151.960714285714
"WA","2007",147.277857142857
"WA","2008",144.130714285714
"WA","2009",132.748928571429
"WA","2010",129.206428571429
"WA","2011",124.585
"WA","2012",117.108571428571
"WA","2013",120.279642857143
"WA","2014",121.176071428571
"WA","2015",120.674285714286
"WA","2016",124.090357142857
"WA","2017",126.638571428571
"WA","2018",119.565357142857
"WA","2019",119.675714285714
"WI","1999",214.907936507937
"WI","2000",202.437830687831
"WI","2001",199.344444444444
"WI","2002",191.913756613757
"WI","2003",178.906084656085
"WI","2004",169.251322751323
"WI","2005",160.636772486772
"WI","2006",150.646031746032
"WI","2007",143.10291005291
"WI","2008",139.387830687831
"WI","2009",129.958465608466
"WI","2010",131.660317460317
"WI","2011",127.074603174603
"WI","2012",121.506084656085
"WI","2013",120.372486772487
"WI","2014",116.903174603175
"WI","2015",118.513227513228
"WI","2016",114.134656084656
"WI","2017",113.238888888889
"WI","2018",111.044973544974
"WI","2019",109.790211640212
"WV","1999",233.267346938776
"WV","2000",229.047346938776
"WV","2001",220.604081632653
"WV","2002",220.850612244898
"WV","2003",214.554693877551
"WV","2004",201.43387755102
"WV","2005",189.802857142857
"WV","2006",176.090204081633
"WV","2007",170.77306122449
"WV","2008",169.962448979592
"WV","2009",163.388571428571
"WV","2010",162.827346938776
"WV","2011",157.482040816327
"WV","2012",157.508571428571
"WV","2013",149.580408163265
"WV","2014",147.888979591837
"WV","2015",148.034285714286
"WV","2016",146.137551020408
"WV","2017",143.36612244898
"WV","2018",139.47306122449
"WV","2019",136.090612244898
"WY","1999",201.571296296296
"WY","2000",202.449074074074
"WY","2001",198.036111111111
"WY","2002",194.897222222222
"WY","2003",180.25462962963
"WY","2004",163.39537037037
"WY","2005",159.441666666667
"WY","2006",147.936111111111
"WY","2007",143.402777777778
"WY","2008",140.161111111111
"WY","2009",133.789814814815
"WY","2010",131.123148148148
"WY","2011",125.287962962963
"WY","2012",120.117592592593
"WY","2013",120.3
"WY","2014",116.650925925926
"WY","2015",116.198148148148
"WY","2016",113.497222222222
"WY","2017",113.964814814815
"WY","2018",108.455555555556
"WY","2019",105.55
